,Player,Market Value
0,William Saliba,€80.00m
1,Rúben Dias,€80.00m
2,Josko Gvardiol,€75.00m
3,Ronald Araujo,€70.00m
4,Gabriel Magalhães,€70.00m
5,Alessandro Bastoni,€70.00m
6,Trent Alexander-Arnold,€70.00m
7,Matthijs de Ligt,€65.00m
8,Bremer,€60.00m
9,Éder Militão,€60.00m
10,Achraf Hakimi,€60.00m
11,Cristian Romero,€60.00m
12,Theo Hernández,€60.00m
13,Nuno Mendes,€55.00m
14,Micky van de Ven,€55.00m
15,Ben White,€55.00m
16,Leny Yoro,€50.00m
17,Levi Colwill,€50.00m
18,Alphonso Davies,€50.00m
19,Benjamin Pavard,€50.00m
20,Federico Dimarco,€50.00m
21,Marquinhos,€50.00m
22,Joshua Kimmich,€50.00m
23,António Silva,€45.00m
24,Giorgio Scalvini,€45.00m
25,Edmond Tapsoba,€45.00m
26,Destiny Udogie,€45.00m
27,Pedro Porro,€45.00m
28,Gonçalo Inácio,€45.00m
29,Min-jae Kim,€45.00m
30,Lisandro Martínez,€45.00m
31,Jules Koundé,€45.00m
32,Pau Torres,€45.00m
33,Sven Botman,€45.00m
34,Ibrahima Konaté,€45.00m
35,Dayot Upamecano,€45.00m
36,Manuel Akanji,€45.00m
37,Alejandro Grimaldo,€45.00m
38,Jarrad Branthwaite,€42.00m
39,Ousmane Diomande,€40.00m
40,Piero Hincapié,€40.00m
41,Alejandro Balde,€40.00m
42,Castello Lukeba,€40.00m
43,Ian Maatsen,€40.00m
44,Reece James,€40.00m
45,Nico Schlotterbeck,€40.00m
46,Axel Disasi,€40.00m
47,Robin Le Normand,€40.00m
48,Fikayo Tomori,€40.00m
49,Lucas Hernández,€40.00m
50,Andreas Christensen,€40.00m
51,Nathan Aké,€40.00m
52,Rico Lewis,€38.00m
53,Jurrien Timber,€38.00m
54,Marc Guéhi,€38.00m
55,Oleksandr Zinchenko,€38.00m
56,John Stones,€38.00m
57,Murillo,€35.00m
58,Mohamed Simakan,€35.00m
59,Willian Pacho,€35.00m
60,Odilon Kossounou,€35.00m
61,Malo Gusto,€35.00m
62,Jean-Clair Todibo,€35.00m
63,Rayan Aït-Nouri,€35.00m
64,Tino Livramento,€35.00m
65,Ezri Konsa,€35.00m
66,Dávid Hancko,€35.00m
67,Alessandro Buongiorno,€35.00m
68,Nayef Aguerd,€35.00m
69,Diogo Dalot,€35.00m
70,Takehiro Tomiyasu,€35.00m
71,Joachim Andersen,€35.00m
72,Ilya Zabarnyi,€32.00m
73,Max Kilman,€32.00m
74,Lutsharel Geertruida,€32.00m
75,Luke Shaw,€32.00m
76,Pau Cubarsí,€30.00m
77,Jorrel Hato,€30.00m
78,Lucas Beraldo,€30.00m
79,Cristhian Mosquera,€30.00m
80,Riccardo Calafiori,€30.00m
81,Benoît Badiashile,€30.00m
82,Jakub Kiwior,€30.00m
83,Hiroki Ito,€30.00m
84,Pervis Estupiñán,€30.00m
85,Noussair Mazraoui,€30.00m
86,Andrew Robertson,€30.00m
87,Milan Skriniar,€30.00m
88,Jonathan Tah,€30.00m
89,Virgil van Dijk,€30.00m
90,Aaron Hickey,€28.00m
91,Josip Stanisic,€28.00m
92,Matty Cash,€28.00m
93,Nahuel Molina,€28.00m
94,Vitaliy Mykolenko,€28.00m
95,Ben Chilwell,€28.00m
96,Joe Gomez,€28.00m
97,Olivier Boscagli,€27.00m
98,Michael Kayode,€25.00m
99,Tyrick Mitchell,€25.00m
100,Wilfried Singo,€25.00m
101,Yan Couto,€25.00m
102,Strahinja Pavlovic,€25.00m
103,Radu Drăgușin,€25.00m
104,Miguel Gutiérrez,€25.00m
105,Dani Vivian,€25.00m
106,Malick Thiaw,€25.00m
107,Wesley Fofana,€25.00m
108,Facundo Medina,€25.00m
109,Nathan Collins,€25.00m
110,Andrea Cambiaso,€25.00m
111,Perr Schuurs,€25.00m
112,Evan Ndicka,€25.00m
113,Antonee Robinson,€25.00m
114,Marc Cucurella,€25.00m
115,Mario Hermoso,€25.00m
116,Kevin Danso,€25.00m
117,Gianluca Mancini,€25.00m
118,José Gayà,€25.00m
119,João Cancelo,€25.00m
120,Kurt Zouma,€25.00m
121,Antonio Rüdiger,€25.00m
122,Quilindschy Hartman,€23.00m
123,Jarell Quansah,€22.00m
124,Aitor Paredes,€22.00m
125,Taylor Harwood-Bellis,€22.00m
126,Marcos Senesi,€22.00m
127,Sergiño Dest,€22.00m
128,Igor Zubeldia,€22.00m
129,Konstantinos Tsimikas,€22.00m
130,Ferland Mendy,€22.00m
131,José María Giménez,€22.00m
132,Ferdi Kadıoğlu,€21.00m
133,Vanderson,€20.00m
134,Milos Kerkez,€20.00m
135,Toti,€20.00m
136,Pierre Kalulu,€20.00m
137,Leonardo Balerdi,€20.00m
138,Roger Ibañez,€20.00m
139,Amar Dedic,€20.00m
140,Isak Hien,€20.00m
141,Aaron Wan-Bissaka,€20.00m
142,Eric García,€20.00m
143,Maxence Lacroix,€20.00m
144,Caio Henrique,€20.00m
145,Konstantinos Mavropanos,€20.00m
146,Julian Ryerson,€20.00m
147,Arthur Theate,€20.00m
148,Kyle Walker-Peters,€20.00m
149,Rico Henry,€20.00m
150,David Raum,€20.00m
151,Wout Faes,€20.00m
152,Issa Diop,€20.00m
153,Tosin Adarabioyo,€20.00m
154,Fredrik Aursnes,€20.00m
155,Adam Webster,€20.00m
156,Benjamin Henrichs,€20.00m
157,Waldemar Anton,€20.00m
158,Aymeric Laporte,€20.00m
159,Raphaël Varane,€20.00m
160,David Alaba,€20.00m
161,Lewis Hall,€18.00m
162,Adrien Truffert,€18.00m
163,Jan Paul van Hecke,€18.00m
164,Zeno Debast,€18.00m
165,Federico Gatti,€18.00m
166,Daniel Muñoz,€18.00m
167,Lloyd Kelly,€18.00m
168,Renan Lodi,€18.00m
169,Emerson Royal,€18.00m
170,Sacha Boey,€18.00m
171,Bafodé Diakité,€18.00m
172,Sam Beukema,€18.00m
173,Anel Ahmedhodzic,€18.00m
174,Jordan Teze,€18.00m
175,Tyrell Malacia,€18.00m
176,Robin Koch,€18.00m
177,Mykola Matvienko,€18.00m
178,Harry Maguire,€18.00m
179,Neco Williams,€17.00m
180,Victor Nelsson,€17.00m
181,Jhon Lucumí,€17.00m
182,Dodô,€17.00m
183,Danilho Doekhi,€17.00m
184,Igor,€17.00m
185,Davinson Sánchez,€17.00m
186,Maximilian Mittelstädt,€17.00m
187,Timothy Castagne,€17.00m
188,Max Aarons,€16.00m
189,Calvin Bassey,€16.00m
190,Yann Bisseck,€16.00m
191,Merih Demiral,€16.00m
192,Diego Carlos,€16.00m
193,Moussa Niakhaté,€16.00m
194,Yarek Gasiorowski,€15.00m
195,Callum Doyle,€15.00m
196,Tiago Santos,€15.00m
197,Jacob Greaves,€15.00m
198,Chadi Riad,€15.00m
199,Juanlu Sánchez,€15.00m
200,Morato,€15.00m
201,Conor Bradley,€15.00m
202,Mika Mármol,€15.00m
203,Jon Pacheco,€15.00m
204,Gastón Álvarez,€15.00m
205,Victor Kristiansen,€15.00m
206,Mohammed Salisu,€15.00m
207,Kiliann Sildillia,€15.00m
208,João Mário,€15.00m
209,Nuno Tavares,€15.00m
210,Juan Foyth,€15.00m
211,Nathan Patterson,€15.00m
212,Nikola Milenković,€15.00m
213,James Justin,€15.00m
214,Pascal Struijk,€15.00m
215,Mathías Olivera,€15.00m
216,Lucas Martínez Quarta,€15.00m
217,Josip Sutalo,€15.00m
218,Raoul Bellanova,€15.00m
219,Diogo Leite,€15.00m
220,Fran García,€15.00m
221,Kristoffer Ajer,€15.00m
222,Amir Rrahmani,€15.00m
223,Philipp Lienhart,€15.00m
224,Kenny Tete,€15.00m
225,Chancel Mbemba,€15.00m
226,Alessio Romagnoli,€15.00m
227,Victor Lindelöf,€15.00m
228,Giovanni Di Lorenzo,€15.00m
229,Niklas Süle,€15.00m
230,Loïc Badé,€14.00m
231,Nicolò Casale,€14.00m
232,Joakim Maehle,€14.00m
233,Cameron Carter-Vickers,€14.00m
234,Nuno Santos,€14.00m
235,Stefan Posch,€14.00m
236,Valentín Barco,€13.00m
237,Otávio,€13.00m
238,Mario Gila,€13.00m
239,Jayden Oosterwolde,€13.00m
240,Joaquín Piquerez,€13.00m
241,Nehuén Pérez,€13.00m
242,Luiz Felipe,€13.00m
243,Alexander Bah,€13.00m
244,Jordan Beyer,€13.00m
245,Trevoh Chalobah,€13.00m
246,Davide Calabria,€13.00m
247,Tyrone Mings,€13.00m
248,Álex Moreno,€13.00m
249,James Tarkowski,€13.00m
250,Kyle Walker,€13.00m
251,Abakar Sylla,€12.00m
252,Patrick Dorgu,€12.00m
253,Bradley Locko,€12.00m
254,El Chadaille Bitshiabu,€12.00m
255,Natan,€12.00m
256,Jake O'Brien,€12.00m
257,Rodrigo Gomes,€12.00m
258,Martin Vitík,€12.00m
259,Ameen Al-Dakhil,€12.00m
260,Thomas Beelen,€12.00m
261,Chris Richards,€12.00m
262,Teden Mengi,€12.00m
263,Tuta,€12.00m
264,Sepp van den Berg,€12.00m
265,Melvin Bard,€12.00m
266,Tariq Lamptey,€12.00m
267,David Carmo,€12.00m
268,Koni De Winter,€12.00m
269,Lilian Brassier,€12.00m
270,Logan Costa,€12.00m
271,Armel Bella-Kotchap,€12.00m
272,Ethan Pinnock,€12.00m
273,Tiago Djaló,€12.00m
274,Yukinari Sugawara,€12.00m
275,Ko Itakura,€12.00m
276,Guilherme Arana,€12.00m
277,Kieran Tierney,€12.00m
278,Sergio Reguilón,€12.00m
279,Presnel Kimpembe,€12.00m
280,Ola Aina,€12.00m
281,Nélson Semedo,€12.00m
282,Douglas Santos,€12.00m
283,Emerson,€12.00m
284,Eric Dier,€12.00m
285,Jonathan Clauss,€12.00m
286,Raphaël Guerreiro,€12.00m
287,Lewis Dunk,€12.00m
288,Daniel Carvajal,€12.00m
289,Lucas Digne,€12.00m
290,Andrew Omobamidele,€11.00m
291,Jan Bednarek,€11.00m
292,Héctor Fort,€10.00m
293,Jeanuël Belocian,€10.00m
294,Dean Huijsen,€10.00m
295,Arnau Martínez,€10.00m
296,Ismaël Doukouré,€10.00m
297,Arouna Sangante,€10.00m
298,Kike Salas,€10.00m
299,Lorenz Assignon,€10.00m
300,Mikayil Faye,€10.00m
301,Ahmetcan Kaplan,€10.00m
302,Issa Kaboré,€10.00m
303,Strahinja Erakovic,€10.00m
304,Quentin Merlin,€10.00m
305,Devyne Rensch,€10.00m
306,Johan Vásquez,€10.00m
307,Luca Netz,€10.00m
308,Nino,€10.00m
309,Joe Scally,€10.00m
310,Oumar Solet,€10.00m
311,Murilo,€10.00m
312,Josha Vagnoman,€10.00m
313,Koki Machida,€10.00m
314,Gonzalo Montiel,€10.00m
315,Mads Roerslev,€10.00m
316,Jaka Bijol,€10.00m
317,Rasmus Kristensen,€10.00m
318,Sergio Gómez,€10.00m
319,Ozan Kabak,€10.00m
320,Nordi Mukiele,€10.00m
321,Ladislav Krejci,€10.00m
322,Dan-Axel Zagadou,€10.00m
323,Ben Godfrey,€10.00m
324,Çağlar Söyüncü,€10.00m
325,David García,€10.00m
326,Maximilian Wöber,€10.00m
327,Matt Targett,€10.00m
328,Guillermo Maripán,€10.00m
329,Thilo Kehrer,€10.00m
330,Ben Davies,€10.00m
331,Nico Elvedi,€10.00m
332,Clément Lenglet,€10.00m
333,Berat Djimsiti,€10.00m
334,Danilo,€10.00m
335,Fabian Schär,€10.00m
336,Matthias Ginter,€10.00m
337,Joël Veltman,€10.00m
338,Kieran Trippier,€10.00m
339,Sead Kolasinac,€10.00m
340,Willi Orbán,€10.00m
341,Aurèle Amenda,€9.50m
342,Fabiano Parisi,€9.50m
343,Christian Mawissa,€9.00m
344,Valentín Gómez,€9.00m
345,Robert Renan,€9.00m
346,Iván Fresneda,€9.00m
347,Alidu Seidu,€9.00m
348,Emmanuel Agbadou,€9.00m
349,Leif Davis,€9.00m
350,Ben Cabango,€9.00m
351,Joseph Okumu,€9.00m
352,Maxim De Cuyper,€9.00m
353,Andreas Hanche-Olsen,€9.00m
354,Juan Miranda,€9.00m
355,Jeff Chabot,€9.00m
356,Samuel Gigot,€9.00m
357,Scott McKenna,€9.00m
358,Alexander Djiku,€9.00m
359,Reinildo Mandava,€9.00m
360,Abdülkerim Bardakcı,€9.00m
361,Kalidou Koulibaly,€9.00m
362,Alessandro Circati,€8.50m
363,Alistair Johnston,€8.50m
364,Bright Osayi-Samuel,€8.50m
365,Kassoum Ouattara,€8.00m
366,Kosta Nedeljkovic,€8.00m
367,Tom Rothe,€8.00m
368,Soungoutou Magassa,€8.00m
369,Warmed Omari,€8.00m
370,Konstantinos Koulierakis,€8.00m
371,Samson Baidoo,€8.00m
372,Alexsandro,€8.00m
373,Manu Sánchez,€8.00m
374,Saúl Coco,€8.00m
375,Aihen Muñoz,€8.00m
376,Julián Araujo,€8.00m
377,Eduardo Quaresma,€8.00m
378,David Jurásek,€8.00m
379,Víctor Gómez,€8.00m
380,Djed Spence,€8.00m
381,Ben Johnson,€8.00m
382,Caleb Okoli,€8.00m
383,Matías Viña,€8.00m
384,Santiago Bueno,€8.00m
385,Vitão,€8.00m
386,Rodrigo Becão,€8.00m
387,Matheus Reis,€8.00m
388,Ismail Jakobs,€8.00m
389,Léo Ortiz,€8.00m
390,Leo Østigård,€8.00m
391,Ayrton Lucas,€8.00m
392,Luca Ranieri,€8.00m
393,Óscar Mingueza,€8.00m
394,Matteo Gabbia,€8.00m
395,Jordan Lotomba,€8.00m
396,Harry Souttar,€8.00m
397,Joe Rodon,€8.00m
398,Léo Pereira,€8.00m
399,Jerry St. Juste,€8.00m
400,Angeliño,€8.00m
401,Júnior Alonso,€8.00m
402,Yeray Álvarez,€8.00m
403,Brendan Chardonnet,€8.00m
404,Abdou Diallo,€8.00m
405,Ricardo Pereira,€8.00m
406,Lukas Klostermann,€8.00m
407,Vladimír Coufal,€8.00m
408,Dan Burn,€8.00m
409,Nicolás Tagliafico,€8.00m
410,Joel Matip,€8.00m
411,Rafa Marín,€7.50m
412,Niels Nkounkou,€7.50m
413,Javi López,€7.50m
414,Abdel Abqar,€7.50m
415,Jesús Areso,€7.50m
416,Moritz Jenz,€7.50m
417,Joe Worrall,€7.50m
418,Josip Juranovic,€7.50m
419,Greg Taylor,€7.50m
420,Borna Sosa,€7.50m
421,Gustavo Gómez,€7.50m
422,Marco Friedl,€7.50m
423,Saël Kumbedi,€7.00m
424,Luka Vuskovic,€7.00m
425,Maxime Estève,€7.00m
426,Álvaro Carreras,€7.00m
427,Adamo Nagalo,€7.00m
428,Guéla Doué,€7.00m
429,Isaak Touré,€7.00m
430,Anthony Rouault,€7.00m
431,Víctor Guzmán,€7.00m
432,Lucas Piton,€7.00m
433,Abner,€7.00m
434,Étienne Youté Kinkoué,€7.00m
435,Tsuyoshi Watanabe,€7.00m
436,Milan van Ewijk,€7.00m
437,Ryan Flamingo,€7.00m
438,Valentin Gendrey,€7.00m
439,Chrislain Matsima,€7.00m
440,Mees Hilgers,€7.00m
441,Sebastián Cáceres,€7.00m
442,Trai Hume,€7.00m
443,Tomás Araújo,€7.00m
444,Montassar Talbi,€7.00m
445,Anthony Caci,€7.00m
446,Javi Galán,€7.00m
447,Juan Manuel Sanabria,€7.00m
448,Luan Cândido,€7.00m
449,Dara O'Shea,€7.00m
450,Hjalmar Ekdal,€7.00m
451,Auston Trusty,€7.00m
452,Sergio Akieme,€7.00m
453,Sebastiaan Bornauw,€7.00m
454,Unai Núñez,€7.00m
455,Ridle Baku,€7.00m
456,Mauro Júnior,€7.00m
457,Ramy Bensebaini,€7.00m
458,Marin Pongracic,€7.00m
459,Felix Uduokhai,€7.00m
460,Fabricio Bustos,€7.00m
461,Diego Llorente,€7.00m
462,Duje Caleta-Car,€7.00m
463,Wendell,€7.00m
464,Connor Roberts,€7.00m
465,Jamaal Lascelles,€7.00m
466,Stefan de Vrij,€7.00m
467,Igoh Ogbu,€6.50m
468,James Tavernier,€6.50m
469,Tomás Avilés,€6.00m
470,Jesús Orozco Chiquete,€6.00m
471,Joel Ordóñez,€6.00m
472,Nicolás Valentini,€6.00m
473,Ibra Bamba,€6.00m
474,Max Finkgräfe,€6.00m
475,Bamo Meïté,€6.00m
476,Zaid Romero,€6.00m
477,Zeno Van Den Bosch,€6.00m
478,Yerson Mosquera,€6.00m
479,Hugo Bueno,€6.00m
480,Sergi Cardona,€6.00m
481,Diego Coppola,€6.00m
482,Soumaïla Coulibaly,€6.00m
483,Khellven,€6.00m
484,Bjorn Meijer,€6.00m
485,Christopher Wooh,€6.00m
486,Josh Doig,€6.00m
487,Jorge Herrando,€6.00m
488,Francisco Ortega,€6.00m
489,Tomas Vlcek,€6.00m
490,Igor Diveev,€6.00m
491,Willyan Rocha,€6.00m
492,Becir Omeragic,€6.00m
493,Luke Thomas,€6.00m
494,Adrià Pedrosa,€6.00m
495,Jorge Cuenca,€6.00m
496,Chris Mepham,€6.00m
497,Francisco Moura,€6.00m
498,Carlos Cuesta,€6.00m
499,Gerardo Arteaga,€6.00m
500,Jude Bellingham,€180.00m
501,Florian Wirtz,€130.00m
502,Jamal Musiala,€120.00m
503,Federico Valverde,€120.00m
504,Declan Rice,€120.00m
505,Rodri,€120.00m
506,Martin Ødegaard,€110.00m
507,Eduardo Camavinga,€100.00m
508,Aurélien Tchouaméni,€100.00m
509,Gavi,€90.00m
510,Bruno Guimarães,€85.00m
511,Pedri,€80.00m
512,Cole Palmer,€80.00m
513,Xavi Simons,€80.00m
514,Nicolò Barella,€80.00m
515,Moisés Caicedo,€75.00m
516,Enzo Fernández,€75.00m
517,Alexis Mac Allister,€75.00m
518,Dominik Szoboszlai,€75.00m
519,Douglas Luiz,€70.00m
520,Frenkie de Jong,€70.00m
521,Kai Havertz,€70.00m
522,James Maddison,€70.00m
523,Bernardo Silva,€70.00m
524,Bruno Fernandes,€70.00m
525,Lucas Paquetá,€65.00m
526,Christopher Nkunku,€65.00m
527,Warren Zaïre-Emery,€60.00m
528,João Neves,€55.00m
529,Eberechi Eze,€55.00m
530,João Palhinha,€55.00m
531,Kobbie Mainoo,€50.00m
532,Matheus Nunes,€50.00m
533,Mohammed Kudus,€50.00m
534,Conor Gallagher,€50.00m
535,Vitinha,€50.00m
536,Amadou Onana,€50.00m
537,Jeremie Frimpong,€50.00m
538,Martín Zubimendi,€50.00m
539,Teun Koopmeiners,€50.00m
540,Mikel Merino,€50.00m
541,Dani Olmo,€50.00m
542,Kevin De Bruyne,€50.00m
543,Pape Matar Sarr,€45.00m
544,Manuel Ugarte,€45.00m
545,Exequiel Palacios,€45.00m
546,Hakan Çalhanoğlu,€45.00m
547,Éderson,€40.00m
548,Álex Baena,€40.00m
549,Morten Hjulmand,€40.00m
550,Morgan Gibbs-White,€40.00m
551,Joey Veerman,€40.00m
552,Joelinton,€40.00m
553,Brahim Díaz,€40.00m
554,Brais Méndez,€40.00m
555,Julian Brandt,€40.00m
556,Sandro Tonali,€38.00m
557,Boubacar Kamara,€38.00m
558,Alan Varela,€35.00m
559,João Gomes,€35.00m
560,Roméo Lavia,€35.00m
561,Georgiy Sudakov,€35.00m
562,Oihan Sancet,€35.00m
563,Harvey Elliott,€35.00m
564,Cheick Doucouré,€35.00m
565,Jacob Ramsey,€35.00m
566,Ryan Gravenberch,€35.00m
567,Khéphren Thuram,€35.00m
568,Curtis Jones,€35.00m
569,Yves Bissouma,€35.00m
570,Edson Álvarez,€35.00m
571,Davide Frattesi,€35.00m
572,Rodrigo Bentancur,€35.00m
573,Mason Mount,€35.00m
574,Adrien Rabiot,€35.00m
575,Charles De Ketelaere,€34.00m
576,Pedro Gonçalves,€32.00m
577,Scott McTominay,€32.00m
578,Rúben Neves,€32.00m
579,Arda Güler,€30.00m
580,Aleksandar Pavlovic,€30.00m
581,Adam Wharton,€30.00m
582,Bilal El Khannouss,€30.00m
583,Fermín López,€30.00m
584,Youssouf Fofana,€30.00m
585,Enzo Millot,€30.00m
586,Kiernan Dewsbury-Hall,€30.00m
587,Tijjani Reijnders,€30.00m
588,Mats Wieffer,€30.00m
589,Ibrahim Sangaré,€30.00m
590,Ismaël Bennacer,€30.00m
591,Fabián Ruiz,€30.00m
592,Joe Willock,€30.00m
593,Tomas Soucek,€30.00m
594,Marcos Llorente,€30.00m
595,Sergej Milinković-Savić,€30.00m
596,Aleksandr Golovin,€30.00m
597,Rodrigo de Paul,€30.00m
598,Konrad Laimer,€30.00m
599,John McGinn,€30.00m
600,James Ward-Prowse,€30.00m
601,Leon Goretzka,€30.00m
602,Mateo Kovacic,€30.00m
603,Hugo Larsson,€28.00m
604,Danilo,€28.00m
605,Quinten Timber,€28.00m
606,Jerdy Schouten,€28.00m
607,Weston McKennie,€28.00m
608,Mathias Jensen,€28.00m
609,Manuel Locatelli,€28.00m
610,Xaver Schlager,€28.00m
611,Stanislav Lobotka,€28.00m
612,Thiago Almada,€27.00m
613,Orkun Kökçü,€27.00m
614,Frank Anguissa,€27.00m
615,Oscar Gloukh,€25.00m
616,Arthur Vermeeren,€25.00m
617,André,€25.00m
618,Pablo Barrios,€25.00m
619,Maghnes Akliouche,€25.00m
620,Lesley Ugochukwu,€25.00m
621,Gabri Veiga,€25.00m
622,Johnny Cardoso,€25.00m
623,Rayan Cherki,€25.00m
624,Kang-in Lee,€25.00m
625,Mattéo Guendouzi,€25.00m
626,Angel Gomes,€25.00m
627,Yangel Herrera,€25.00m
628,Kalvin Phillips,€25.00m
629,Sean Longstaff,€25.00m
630,Denis Zakaria,€25.00m
631,Lorenzo Pellegrini,€25.00m
632,Aleix García,€25.00m
633,Youri Tielemans,€25.00m
634,Otávio,€25.00m
635,Fabinho,€25.00m
636,Ruben Loftus-Cheek,€25.00m
637,Lewis Ferguson,€24.00m
638,Denzel Dumfries,€24.00m
639,Carlos Baleba,€22.00m
640,Lewis Miley,€22.00m
641,Julio Enciso,€22.00m
642,Carlos Augusto,€22.00m
643,Fábio Vieira,€22.00m
644,Jesper Lindstrøm,€22.00m
645,James Garner,€22.00m
646,Yunus Musah,€22.00m
647,Samuele Ricci,€22.00m
648,Emile Smith Rowe,€22.00m
649,Pepelu,€22.00m
650,Philip Billing,€22.00m
651,Sofyan Amrabat,€22.00m
652,Vitaly Janelt,€22.00m
653,Piotr Zieliński,€22.00m
654,Alex Scott,€20.00m
655,Javi Guerra,€20.00m
656,Beñat Turrientes,€20.00m
657,Manu Koné,€20.00m
658,Matteo Ruggeri,€20.00m
659,Martin Baturina,€20.00m
660,Mohamed Camara,€20.00m
661,Lazar Samardžić,€20.00m
662,Eduard Spertsyan,€20.00m
663,Wendel,€20.00m
664,Malik Tillman,€20.00m
665,Angelo Stiller,€20.00m
666,Felix Nmecha,€20.00m
667,Matt O'Riley,€20.00m
668,Amadou Haidara,€20.00m
669,Eljif Elmas,€20.00m
670,Marcus Tavernier,€20.00m
671,Maxence Caqueret,€20.00m
672,Nicolò Zaniolo,€20.00m
673,Lovro Majer,€20.00m
674,Carlos Soler,€20.00m
675,Florentino,€20.00m
676,Guido Rodríguez,€20.00m
677,Sander Berge,€20.00m
678,Orel Mangala,€20.00m
679,Jefferson Lerma,€20.00m
680,Andreas Pereira,€20.00m
681,Bryan Cristante,€20.00m
682,Granit Xhaka,€20.00m
683,Marcel Sabitzer,€20.00m
684,Casemiro,€20.00m
685,Sebastian Szymanski,€19.00m
686,Claudio Echeverri,€18.00m
687,Facundo Buonanotte,€18.00m
688,Archie Gray,€18.00m
689,Habib Diarra,€18.00m
690,Farès Chaïbi,€18.00m
691,Enzo Le Fée,€18.00m
692,Edoardo Bove,€18.00m
693,Arsen Zakharyan,€18.00m
694,Gabriel Sara,€18.00m
695,Kristjan Asllani,€18.00m
696,Nicolò Rovella,€18.00m
697,Giovanni Reyna,€18.00m
698,Ivan Ilić,€18.00m
699,Billy Gilmour,€18.00m
700,Claudinho,€18.00m
701,Andrea Colpani,€18.00m
702,Daichi Kamada,€18.00m
703,Christoph Baumgartner,€18.00m
704,Franck Kessié,€18.00m
705,Benjamin Bourigeaud,€18.00m
706,Thomas Partey,€18.00m
707,Pierre-Emile Højbjerg,€18.00m
708,Christian Nørgaard,€18.00m
709,Marco Verratti,€18.00m
710,Nicolás Domínguez,€17.00m
711,Hamed Junior Traorè,€17.00m
712,Leandro Barreiro,€17.00m
713,Fred,€17.00m
714,Robert Andrich,€17.00m
715,Jack Hinshelwood,€16.00m
716,Ismael Saibari,€16.00m
717,Raphael Veiga,€16.00m
718,Nicolas Seiwald,€16.00m
719,Nicolás de la Cruz,€16.00m
720,Ethan Ampadu,€16.00m
721,Giovani Lo Celso,€16.00m
722,Wilfred Ndidi,€16.00m
723,Seko Fofana,€16.00m
724,Marcelo Brozovic,€16.00m
725,Gabriel Moscardo,€15.00m
726,Eliesse Ben Seghir,€15.00m
727,Valentín Carboni,€15.00m
728,Carlos Alcaraz,€15.00m
729,Andrey Santos,€15.00m
730,Matheus França,€15.00m
731,Malick Fofana,€15.00m
732,Alberto Moleiro,€15.00m
733,Youssouf Ndayishimiye,€15.00m
734,Carney Chukwuemeka,€15.00m
735,Aaron Ramsey,€15.00m
736,Tommaso Baldanzi,€15.00m
737,Aimar Oroz,€15.00m
738,Giannis Konstantelias,€15.00m
739,Beñat Prados,€15.00m
740,Fabio Miretti,€15.00m
741,Elliot Anderson,€15.00m
742,Romain Faivre,€15.00m
743,Hidemasa Morita,€15.00m
744,Morten Frendrup,€15.00m
745,Luka Sucic,€15.00m
746,Kenneth Taylor,€15.00m
747,Nico González,€15.00m
748,Jean-Ricner Bellegarde,€15.00m
749,Cameron Puertas,€15.00m
750,Nicolò Fagioli,€15.00m
751,Calvin Stengs,€15.00m
752,Oliver Skipp,€15.00m
753,Yacine Adli,€15.00m
754,Albert Sambi Lokonga,€15.00m
755,André Almeida,€15.00m
756,Amine Harit,€15.00m
757,Arthur Melo,€15.00m
758,Anton Stach,€15.00m
759,Iván Martín,€15.00m
760,Gedson Fernandes,€15.00m
761,Tyler Adams,€15.00m
762,Matteo Pessina,€15.00m
763,Riqui Puig,€15.00m
764,Gustavo Hamer,€15.00m
765,Lucas Torreira,€15.00m
766,Josh Brownhill,€15.00m
767,Ludovic Blas,€15.00m
768,Giorgian de Arrascaeta,€15.00m
769,Harrison Reed,€15.00m
770,Jordan Veretout,€15.00m
771,İlkay Gündoğan,€15.00m
772,Pablo Maia,€14.00m
773,Ezequiel Fernández,€14.00m
774,Giovanni Fabbian,€14.00m
775,Fábio Carvalho,€14.00m
776,Al-Musrati,€14.00m
777,Pablo Fornals,€14.00m
778,Boubakary Soumaré,€14.00m
779,Gerson,€14.00m
780,Mandela Keita,€13.00m
781,Maurits Kjaergaard,€13.00m
782,Ernest Muci,€13.00m
783,Talisca,€13.00m
784,Mario Pasalic,€13.00m
785,Wataru Endo,€13.00m
786,Kendry Páez,€12.00m
787,Lorran,€12.00m
788,Can Uzun,€12.00m
789,Jobe Bellingham,€12.00m
790,Bitello,€12.00m
791,Mauricio,€12.00m
792,Marlon Gomes,€12.00m
793,Vini Souza,€12.00m
794,İsmail Yüksek,€12.00m
795,Merlin Röhl,€12.00m
796,Rodrigo Zalazar,€12.00m
797,Azzedine Ounahi,€12.00m
798,James McAtee,€12.00m
799,Kirian Rodríguez,€12.00m
800,Nicola Zalewski,€12.00m
801,Junior Dina Ebimbe,€12.00m
802,Aster Vranckx,€12.00m
803,Albert Grønbæk,€12.00m
804,Emil Holm,€12.00m
805,Adrián Bernabé,€12.00m
806,Alexander Prass,€12.00m
807,Ryan Yates,€12.00m
808,Brenden Aaronson,€12.00m
809,Guus Til,€12.00m
810,Timothy Weah,€12.00m
811,Mattias Svanberg,€12.00m
812,Valentin Rongier,€12.00m
813,Azor Matusiwa,€12.00m
814,Robin Gosens,€12.00m
815,Wilmar Barrios,€12.00m
816,Harry Winks,€12.00m
817,Lewis Cook,€12.00m
818,Atakan Karazor,€12.00m
819,Ryan Christie,€12.00m
820,Geoffrey Kondogbia,€12.00m
821,Jorginho,€12.00m
822,Koke,€12.00m
823,Ismaël Koné,€11.00m
824,Stefan Bajcetic,€11.00m
825,Stephen Eustaquio,€11.00m
826,Ellyes Skhiri,€11.00m
827,Luis Alberto,€11.00m
828,Franco Mastantuono,€10.00m
829,Nico Paz,€10.00m
830,Lamine Camara,€10.00m
831,Assan Ouédraogo,€10.00m
832,Simone Pafundi,€10.00m
833,Matteo Prati,€10.00m
834,Lucas Bergvall,€10.00m
835,Kevin Zenón,€10.00m
836,Shea Charles,€10.00m
837,Santiago Hezze,€10.00m
838,Yegor Yarmolyuk,€10.00m
839,Raphael Onyedika,€10.00m
840,Cristian Medina,€10.00m
841,Samú Costa,€10.00m
842,Dion Lopy,€10.00m
843,Aníbal Moreno,€10.00m
844,Joris Chotard,€10.00m
845,Cesare Casadei,€10.00m
846,Alfie Doughty,€10.00m
847,Sem Steijn,€10.00m
848,Mario Stroeykens,€10.00m
849,Sergio Arribas,€10.00m
850,Reo Hatate,€10.00m
851,Jens Cajuste,€10.00m
852,Rocco Reitz,€10.00m
853,Juan Brunetta,€10.00m
854,Mathías Villasanti,€10.00m
855,Tommy Doyle,€10.00m
856,Marshall Munetsi,€10.00m
857,Houssem Aouar,€10.00m
858,Ryan Sessegnon,€10.00m
859,Tommaso Pobega,€10.00m
860,Yusuf Yazıcı,€10.00m
861,Jakub Moder,€10.00m
862,Pierre Lees-Melou,€10.00m
863,Érick Sánchez,€10.00m
864,Bryan Heynen,€10.00m
865,Romano Schmid,€10.00m
866,Josh Dasilva,€10.00m
867,Franco Cristaldo,€10.00m
868,Mahdi Camara,€10.00m
869,Nikola Vlašić,€10.00m
870,Baptiste Santamaria,€10.00m
871,Aleksey Miranchuk,€10.00m
872,Nabil Bentaleb,€10.00m
873,Saša Lukić,€10.00m
874,Salih Özcan,€10.00m
875,Josh Cullen,€10.00m
876,André Gomes,€10.00m
877,Thomas Lemar,€10.00m
878,Nabil Fekir,€10.00m
879,Maximilian Eggestein,€10.00m
880,Mario Lemina,€10.00m
881,Abdoulaye Doucouré,€10.00m
882,Emre Can,€10.00m
883,Sergio Canales,€10.00m
884,Thiago,€10.00m
885,Toni Kroos,€10.00m
886,Jonas Hofmann,€10.00m
887,Batista Mendy,€9.50m
888,Sverre Nypan,€9.00m
889,Martinelli,€9.00m
890,Andy Diouf,€9.00m
891,Máximo Perrone,€9.00m
892,Lucas Gourna-Douath,€9.00m
893,Gabriel Menino,€9.00m
894,Hannibal,€9.00m
895,Charlie Patino,€9.00m
896,Arne Engels,€9.00m
897,Hyun-seok Hong,€9.00m
898,Hicham Boudaoui,€9.00m
899,Artem Bondarenko,€9.00m
900,Flynn Downes,€9.00m
901,Matías Zaracho,€9.00m
902,Rodrigo Nestor,€9.00m
903,Mads Bidstrup,€9.00m
904,Esequiel Barco,€9.00m
905,Frank Onyeka,€9.00m
906,Ivan Oblyakov,€9.00m
907,Ramiz Zerrouki,€9.00m
908,Mykola Shaparenko,€9.00m
909,Marc Roca,€9.00m
910,Luis Chávez,€9.00m
911,Ainsley Maitland-Niles,€9.00m
912,Dániel Gazdag,€9.00m
913,Przemyslaw Frankowski,€9.00m
914,Michel Aebischer,€9.00m
915,N'Golo Kanté,€9.00m
916,Djibril Sow,€9.00m
917,Will Hughes,€9.00m
918,Hany Mukhtar,€9.00m
919,Téji Savanier,€9.00m
920,Matheus Henrique,€8.50m
921,Yari Verschaeren,€8.50m
922,Oscar,€8.50m
923,Michael Folorunsho,€8.50m
924,In-beom Hwang,€8.50m
925,Todd Cantwell,€8.50m
926,Rolando Mandragora,€8.50m
927,Callum McGregor,€8.50m
928,Alexsander,€8.00m
929,Diego Gómez,€8.00m
930,Gustavo Sá,€8.00m
931,Federico Redondo,€8.00m
932,Neil El Aynaoui,€8.00m
933,Paul Wanner,€8.00m
934,Ethan Nwaneri,€8.00m
935,Rokas Pukstas,€8.00m
936,Mateus Fernandes,€8.00m
937,Agustín Giay,€8.00m
938,David Pereira da Costa,€8.00m
939,Salis Abdul Samed,€8.00m
940,Tajon Buchanan,€8.00m
941,Tyler Morton,€8.00m
942,Iván Jaime,€8.00m
943,Sebastian Nanasi,€8.00m
944,Danil Glebov,€8.00m
945,Kristian Thorstvedt,€8.00m
946,Naouirou Ahamada,€8.00m
947,Fabian Rieder,€8.00m
948,Hugo Guillamón,€8.00m
949,Daniel Bragança,€8.00m
950,Tanguy Ndombélé,€8.00m
951,Daniil Fomin,€8.00m
952,Pablo Rosario,€8.00m
953,Jorge Carrascal,€8.00m
954,Gustavo Scarpa,€8.00m
955,Evander,€8.00m
956,Michal Sadílek,€8.00m
957,Luciano Acosta,€8.00m
958,Sebastián Driussi,€8.00m
959,Daler Kuzyaev,€8.00m
960,Sandi Lovric,€8.00m
961,Dmitriy Barinov,€8.00m
962,Álvaro Fidalgo,€8.00m
963,Ruslan Malinovskyi,€8.00m
964,Morgan Sanson,€8.00m
965,Leandro Paredes,€8.00m
966,Danilo Pereira,€8.00m
967,Ross Barkley,€8.00m
968,Isco,€8.00m
969,Benjamin André,€8.00m
970,Pascal Groß,€8.00m
971,Christian Eriksen,€8.00m
972,Ismaël Gharbi,€7.50m
973,Kevin Paredes,€7.50m
974,Enzo Barrenechea,€7.50m
975,Eric Martel,€7.50m
976,Antonio Blanco,€7.50m
977,Leonardo Fernández,€7.50m
978,Fernando Gorriarán,€7.50m
979,Maxime López,€7.50m
980,Jens Stage,€7.50m
981,Saúl Ñíguez,€7.50m
982,Julien De Sart,€7.50m
983,Philippe Coutinho,€7.50m
984,Junior Mwanga,€7.00m
985,Matías Galarza,€7.00m
986,Kacper Urbanski,€7.00m
987,Kristian Hlynsson,€7.00m
988,Tanner Tessmann,€7.00m
989,Christian,€7.00m
990,Rodrigo Villagra,€7.00m
991,Tomás Händel,€7.00m
992,Imrân Louza,€7.00m
993,Josh Eccles,€7.00m
994,Christos Zafeiris,€7.00m
995,Jean Lucas,€7.00m
996,Umut Tohumcu,€7.00m
997,Rodrigo Garro,€7.00m
998,Jon Moncayola,€7.00m
999,Tomas Suslov,€7.00m
1000,Erling Haaland,€180.00m
1001,Vinicius Junior,€180.00m
1002,Kylian Mbappé,€180.00m
1003,Phil Foden,€150.00m
1004,Bukayo Saka,€140.00m
1005,Rodrygo,€110.00m
1006,Lautaro Martínez,€110.00m
1007,Victor Osimhen,€100.00m
1008,Harry Kane,€100.00m
1009,Lamine Yamal,€90.00m
1010,Julián Álvarez,€90.00m
1011,Rafael Leão,€90.00m
1012,Khvicha Kvaratskhelia,€80.00m
1013,Luis Díaz,€75.00m
1014,Alexander Isak,€75.00m
1015,Gabriel Martinelli,€70.00m
1016,Darwin Núñez,€70.00m
1017,Leroy Sané,€70.00m
1018,Rasmus Højlund,€65.00m
1019,Jérémy Doku,€65.00m
1020,Gabriel Jesus,€65.00m
1021,Dušan Vlahović,€65.00m
1022,Viktor Gyökeres,€65.00m
1023,Ollie Watkins,€65.00m
1024,Marcus Thuram,€65.00m
1025,Endrick,€60.00m
1026,Nico Williams,€60.00m
1027,Anthony Gordon,€60.00m
1028,Loïs Openda,€60.00m
1029,Ousmane Dembélé,€60.00m
1030,Marcus Rashford,€60.00m
1031,Jack Grealish,€60.00m
1032,Michael Olise,€55.00m
1033,Pedro Neto,€55.00m
1034,Dejan Kulusevski,€55.00m
1035,Moussa Diaby,€55.00m
1036,Mohamed Salah,€55.00m
1037,Sávio,€50.00m
1038,Bradley Barcola,€50.00m
1039,Evan Ferguson,€50.00m
1040,Benjamin Sesko,€50.00m
1041,Gonçalo Ramos,€50.00m
1042,Jonathan David,€50.00m
1043,Joshua Zirkzee,€50.00m
1044,Cody Gakpo,€50.00m
1045,Raphinha,€50.00m
1046,Takefusa Kubo,€50.00m
1047,Diogo Jota,€50.00m
1048,Jarrod Bowen,€50.00m
1049,Ivan Toney,€50.00m
1050,Kingsley Coman,€50.00m
1051,Brennan Johnson,€48.00m
1052,Alejandro Garnacho,€45.00m
1053,João Pedro,€45.00m
1054,Johan Bakayoko,€45.00m
1055,Matheus Cunha,€45.00m
1056,Kaoru Mitoma,€45.00m
1057,Randal Kolo Muani,€45.00m
1058,Mikel Oyarzabal,€45.00m
1059,Heung-min Son,€45.00m
1060,Leon Bailey,€42.00m
1061,Mathys Tel,€40.00m
1062,Victor Boniface,€40.00m
1063,Santiago Gimenez,€40.00m
1064,Bryan Mbeumo,€40.00m
1065,Ademola Lookman,€40.00m
1066,Donyell Malen,€40.00m
1067,Christian Pulisic,€40.00m
1068,Serhou Guirassy,€40.00m
1069,Dominic Solanke,€40.00m
1070,Serge Gnabry,€40.00m
1071,Richarlison,€38.00m
1072,Samu Omorodion,€35.00m
1073,Nicolas Jackson,€35.00m
1074,Evanilson,€35.00m
1075,Elye Wahi,€35.00m
1076,Mykhaylo Mudryk,€35.00m
1077,Nicolás González,€35.00m
1078,Brian Brobbey,€35.00m
1079,Harvey Barnes,€35.00m
1080,Artem Dovbyk,€35.00m
1081,Federico Chiesa,€35.00m
1082,Gianluca Scamacca,€35.00m
1083,Leandro Trossard,€35.00m
1084,Raheem Sterling,€35.00m
1085,Estêvão,€30.00m
1086,Vitor Roque,€30.00m
1087,Désiré Doué,€30.00m
1088,Kenan Yıldız,€30.00m
1089,Samuel Lino,€30.00m
1090,Simon Adingra,€30.00m
1091,Maximilian Beier,€30.00m
1092,Yéremy Pino,€30.00m
1093,Amine Adli,€30.00m
1094,Pepê,€30.00m
1095,Folarin Balogun,€30.00m
1096,João Félix,€30.00m
1097,Jadon Sancho,€30.00m
1098,Ferran Torres,€30.00m
1099,Eddie Nketiah,€30.00m
1100,Tammy Abraham,€30.00m
1101,Albert Gudmundsson,€30.00m
1102,Viktor Tsygankov,€30.00m
1103,Romelu Lukaku,€30.00m
1104,Neymar,€30.00m
1105,Lionel Messi,€30.00m
1106,Jamie Bynoe-Gittens,€28.00m
1107,Noni Madueke,€28.00m
1108,Karim Adeyemi,€28.00m
1109,Yoane Wissa,€28.00m
1110,Ermedin Demirovic,€28.00m
1111,Malcom,€28.00m
1112,Taiwo Awoniyi,€28.00m
1113,Chris Führich,€28.00m
1114,Aleksandar Mitrovic,€28.00m
1115,Karim Konaté,€25.00m
1116,Igor Thiago,€25.00m
1117,Matías Soulé,€25.00m
1118,Marcos Leonardo,€25.00m
1119,Oscar Bobb,€25.00m
1120,Antony,€25.00m
1121,Terem Moffi,€25.00m
1122,Mason Greenwood,€25.00m
1123,Edon Zhegrova,€25.00m
1124,David Neres,€25.00m
1125,Ansu Fati,€25.00m
1126,Rodrigo Riquelme,€25.00m
1127,Galeno,€25.00m
1128,Jørgen Strand Larsen,€25.00m
1129,Amine Gouiri,€25.00m
1130,Giacomo Raspadori,€25.00m
1131,Deniz Undav,€25.00m
1132,Vangelis Pavlidis,€25.00m
1133,Hee-chan Hwang,€25.00m
1134,Iñaki Williams,€25.00m
1135,Alex Iwobi,€25.00m
1136,Alexander Sørloth,€25.00m
1137,Antoine Griezmann,€25.00m
1138,Luis Guilherme,€24.00m
1139,Pedro,€23.00m
1140,Nathan Tella,€23.00m
1141,Dwight McNeil,€22.00m
1142,Anthony Elanga,€22.00m
1143,Armando Broja,€22.00m
1144,Francisco Conceição,€22.00m
1145,Kevin Schade,€22.00m
1146,Youssoufa Moukoko,€22.00m
1147,Omar Marmoush,€22.00m
1148,Emiliano Buendía,€22.00m
1149,Dominic Calvert-Lewin,€22.00m
1150,Patrik Schick,€22.00m
1151,Dango Ouattara,€20.00m
1152,Rodrigo Muniz,€20.00m
1153,Hugo Ekitiké,€20.00m
1154,Brajan Gruda,€20.00m
1155,Jhon Durán,€20.00m
1156,El Bilal Touré,€20.00m
1157,Ander Barrenetxea,€20.00m
1158,Beto,€20.00m
1159,Arnaud Kalimuendo,€20.00m
1160,Crysencio Summerville,€20.00m
1161,Martin Terrier,€20.00m
1162,Youssef En-Nesyri,€20.00m
1163,Jean-Philippe Mateta,€20.00m
1164,Trincão,€20.00m
1165,Samuel Chukwueze,€20.00m
1166,Jonas Wind,€20.00m
1167,Noah Okafor,€20.00m
1168,Marcus Edwards,€20.00m
1169,Marco Asensio,€20.00m
1170,Saïd Benrahma,€20.00m
1171,Mattia Zaccagni,€20.00m
1172,Miguel Almirón,€20.00m
1173,Paulo Dybala,€20.00m
1174,Takumi Minamino,€20.00m
1175,Ernest Nuamah,€18.00m
1176,Isaac Romero,€18.00m
1177,Georginio Rutter,€18.00m
1178,Thijs Dallinga,€18.00m
1179,Amad Diallo,€18.00m
1180,Andreas Skov Olsen,€18.00m
1181,Jack Harrison,€18.00m
1182,Ismaïla Sarr,€18.00m
1183,Callum Hudson-Odoi,€18.00m
1184,Ritsu Doan,€18.00m
1185,Simon Banza,€18.00m
1186,Odsonne Edouard,€18.00m
1187,Gorka Guruzeta,€18.00m
1188,Noa Lang,€18.00m
1189,Steven Bergwijn,€18.00m
1190,Allan Saint-Maximin,€18.00m
1191,Ángel Correa,€18.00m
1192,Enes Ünal,€18.00m
1193,Solly March,€18.00m
1194,Barış Alper Yılmaz,€17.00m
1195,Luis Sinisterra,€17.00m
1196,Paulinho,€17.00m
1197,Harry Wilson,€17.00m
1198,Timo Werner,€17.00m
1199,Mauro Icardi,€17.00m
1200,Yankuba Minteh,€16.00m
1201,Mohamed Amoura,€16.00m
1202,Lucas Beltrán,€16.00m
1203,Wilfried Gnonto,€16.00m
1204,Hugo Duro,€16.00m
1205,Mateo Retegui,€16.00m
1206,Konstantin Tyukavin,€16.00m
1207,Kévin Denkey,€16.00m
1208,Riccardo Orsolini,€16.00m
1209,Adam Armstrong,€16.00m
1210,Álvaro Morata,€16.00m
1211,Gift Orban,€15.00m
1212,Eli Junior Kroupi,€15.00m
1213,Antonio Nusa,€15.00m
1214,Ângelo,€15.00m
1215,Georges Mikautadze,€15.00m
1216,Ilias Akhomach,€15.00m
1217,Álvaro Djaló,€15.00m
1218,Jaden Philogene,€15.00m
1219,Keane Lewis-Potter,€15.00m
1220,Iliman Ndiaye,€15.00m
1221,Jack Clarke,€15.00m
1222,Patrick Wimmer,€15.00m
1223,Taty Castellanos,€15.00m
1224,Morgan Rogers,€15.00m
1225,Kerem Aktürkoğlu,€15.00m
1226,Ché Adams,€15.00m
1227,Jan-Niklas Beste,€15.00m
1228,Anders Dreyer,€15.00m
1229,Reiss Nelson,€15.00m
1230,Roland Sallai,€15.00m
1231,Hirving Lozano,€15.00m
1232,Andrea Pinamonti,€15.00m
1233,Borja Mayoral,€15.00m
1234,Ricardo Horta,€15.00m
1235,Gonçalo Guedes,€15.00m
1236,Jérémie Boga,€15.00m
1237,Sadio Mané,€15.00m
1238,Jacob Murphy,€15.00m
1239,Niclas Füllkrug,€15.00m
1240,Robert Lewandowski,€15.00m
1241,Cristiano Ronaldo,€15.00m
1242,Igor Paixão,€14.00m
1243,Diego López,€14.00m
1244,Jhon Arias,€14.00m
1245,Vitinha,€14.00m
1246,Bryan Gil,€14.00m
1247,Kyogo Furuhashi,€14.00m
1248,Facundo Torres,€14.00m
1249,Josh Sargent,€14.00m
1250,Arthur Cabral,€14.00m
1251,Joël Piroe,€14.00m
1252,Dan Ndoye,€14.00m
1253,Moise Kean,€14.00m
1254,Cengiz Ünder,€14.00m
1255,Justin Kluivert,€14.00m
1256,Daniel James,€14.00m
1257,Rafa,€14.00m
1258,Yannick Carrasco,€14.00m
1259,Kamaldeen Sulemana,€13.00m
1260,Ramón Sosa,€13.00m
1261,Samuel Iling-Junior,€13.00m
1262,Cameron Archer,€13.00m
1263,Fotis Ioannidis,€13.00m
1264,Lyle Foster,€13.00m
1265,Cucho Hernández,€13.00m
1266,Manor Solomon,€13.00m
1267,Arnaut Danjuma,€13.00m
1268,Levi García,€13.00m
1269,Paul Onuachu,€13.00m
1270,Daniel Podence,€13.00m
1271,Carlton Morris,€13.00m
1272,Matteo Politano,€13.00m
1273,Callum Wilson,€13.00m
1274,Ibrahim Osman,€12.00m
1275,Assane Diao,€12.00m
1276,Kevin,€12.00m
1277,Semih Kılıçsoy,€12.00m
1278,Santiago Castro,€12.00m
1279,Luiz Henrique,€12.00m
1280,David Datro Fofana,€12.00m
1281,Bryan Zaragoza,€12.00m
1282,Jota Silva,€12.00m
1283,Eren Dinkci,€12.00m
1284,Ricardo Pepi,€12.00m
1285,Lorenzo Lucca,€12.00m
1286,Sofiane Diop,€12.00m
1287,Emanuel Emegha,€12.00m
1288,Adam Hlozek,€12.00m
1289,Zeki Amdouni,€12.00m
1290,Morgan Whittaker,€12.00m
1291,Krépin Diatta,€12.00m
1292,Yuri Alberto,€12.00m
1293,Gustav Isaksen,€12.00m
1294,Luka Ivanusec,€12.00m
1295,Mike Trésor,€12.00m
1296,Alexis Saelemaekers,€12.00m
1297,Patson Daka,€12.00m
1298,Cyril Ngonge,€12.00m
1299,Abel Ruiz,€12.00m
1300,Álex Berenguer,€12.00m
1301,Jonathan Burkardt,€12.00m
1302,Elijah Adebayo,€12.00m
1303,Dodi Lukébakio,€12.00m
1304,Kelechi Iheanacho,€12.00m
1305,Kasper Dolberg,€12.00m
1306,Moses Simon,€12.00m
1307,Vedat Muriqi,€12.00m
1308,Breel Embolo,€12.00m
1309,Franck Honorat,€12.00m
1310,Moussa Dembélé,€12.00m
1311,Neal Maupay,€12.00m
1312,Chuba Akpom,€12.00m
1313,Jhon Córdoba,€12.00m
1314,Riyad Mahrez,€12.00m
1315,Fábio Silva,€11.00m
1316,Maksim Glushenkov,€11.00m
1317,Artur,€11.00m
1318,Mateo Cassierra,€11.00m
1319,Habib Diallo,€11.00m
1320,Stephy Mavididi,€11.00m
1321,Fedor Chalov,€11.00m
1322,Wilfried Zaha,€11.00m
1323,Gustavo Nunes,€10.00m
1324,Francesco Camarda,€10.00m
1325,Wesley,€10.00m
1326,George Ilenikhena,€10.00m
1327,Gianluca Prestianni,€10.00m
1328,Roger,€10.00m
1329,Issahaku Fatawu,€10.00m
1330,Luciano Gondou,€10.00m
1331,Wilson Odobert,€10.00m
1332,Ben Doak,€10.00m
1333,Geny Catamo,€10.00m
1334,Mohamed-Ali Cho,€10.00m
1335,Andreas Schjelderup,€10.00m
1336,Vladyslav Vanat,€10.00m
1337,Boulaye Dia,€10.00m
1338,Silas,€10.00m
1339,Akor Adams,€10.00m
1340,Faris Moumbagna,€10.00m
1341,Antoine Semenyo,€10.00m
1342,Armand Laurienté,€10.00m
1343,Mohamed Daramy,€10.00m
1344,Mikkel Damsgaard,€10.00m
1345,Dilane Bakwa,€10.00m
1346,Benjamín Rollheiser,€10.00m
1347,Mostafa Mohamed,€10.00m
1348,Tijjani Noslin,€10.00m
1349,Christos Tzolis,€10.00m
1350,Ansgar Knauff,€10.00m
1351,Hugo Cuypers,€10.00m
1352,Julián Quiñones,€10.00m
1353,Zakaria Aboukhlal,€10.00m
1354,Tetê,€10.00m
1355,Romain Del Castillo,€10.00m
1356,Róger Guedes,€10.00m
1357,Umar Sadiq,€10.00m
1358,Jonathan Ikoné,€10.00m
1359,Everton,€10.00m
1360,Mergim Berisha,€10.00m
1361,Mehdi Taremi,€10.00m
1362,Giovanni Simeone,€10.00m
1363,Denis Bouanga,€10.00m
1364,İrfan Can Kahveci,€10.00m
1365,Sheraldo Becker,€10.00m
1366,Anthony Martial,€10.00m
1367,Gaëtan Laborde,€10.00m
1368,Sébastien Haller,€10.00m
1369,Domenico Berardi,€10.00m
1370,Gerard Moreno,€10.00m
1371,Memphis Depay,€10.00m
1372,Pablo Sarabia,€10.00m
1373,Karim Benzema,€10.00m
1374,Joseph Paintsil,€9.50m
1375,Deivid Washington,€9.00m
1376,Alejo Véliz,€9.00m
1377,Yáser Asprilla,€9.00m
1378,Roony Bardghji,€9.00m
1379,Abde Ezzalzouli,€9.00m
1380,Jonathan Rowe,€9.00m
1381,Chermiti,€9.00m
1382,Hákon Arnar Haraldsson,€9.00m
1383,Justin Njinmah,€9.00m
1384,Jamie Leweling,€9.00m
1385,Michel-Ange Balikwisha,€9.00m
1386,Anass Zaroury,€9.00m
1387,Veljko Birmancevic,€9.00m
1388,Keito Nakamura,€9.00m
1389,Dennis Man,€9.00m
1390,Rony,€9.00m
1391,Jota,€9.00m
1392,Jonathan Bamba,€9.00m
1393,Michael Olunga,€9.00m
1394,Maxwel Cornet,€9.00m
1395,Hakim Ziyech,€9.00m
1396,Adama Traoré,€9.00m
1397,Lucas Ocampos,€9.00m
1398,Vincenzo Grifo,€9.00m
1399,Bertrand Traoré,€9.00m
1400,Marvin Ducksch,€9.00m
1401,Alexandre Lacazette,€9.00m
1402,Julien Duranville,€8.50m
1403,Osame Sahraoui,€8.50m
1404,Nicolas Pépé,€8.50m
1405,Mahmoud Trezeguet,€8.50m
1406,Michy Batshuayi,€8.50m
1407,Nathan Fernandes,€8.00m
1408,Luciano Rodríguez,€8.00m
1409,José Manuel López,€8.00m
1410,Marin Ljubicic,€8.00m
1411,Ange-Yoan Bonny,€8.00m
1412,Giovani,€8.00m
1413,Carlos Forbs,€8.00m
1414,Matheus Saldanha,€8.00m
1415,Matej Jurasek,€8.00m
1416,Gabriel Pec,€8.00m
1417,Luis Henrique,€8.00m
1418,Samuel Edozie,€8.00m
1419,Facundo Pellistri,€8.00m
1420,Fran Pérez,€8.00m
1421,Liam Delap,€8.00m
1422,Loum Tchaouna,€8.00m
1423,Soufiane Rahimi,€8.00m
1424,Ayase Ueda,€8.00m
1425,Mousa Tamari,€8.00m
1426,Tomas Cvancara,€8.00m
1427,Sergey Pinyaev,€8.00m
1428,Evann Guessand,€8.00m
1429,Musa Barrow,€8.00m
1430,Jesús Ferreira,€8.00m
1431,Benjamín Garré,€8.00m
1432,Ben Brereton Díaz,€8.00m
1433,Javi Puado,€8.00m
1434,Chiedozie Ogbene,€8.00m
1435,Brandon Vazquez,€8.00m
1436,Petar Musa,€8.00m
1437,Jesper Karlsson,€8.00m
1438,Isi Palazón,€8.00m
1439,Rafa Mujica,€8.00m
1440,Junya Ito,€8.00m
1441,Arnaud Nordin,€8.00m
1442,Rafael Borré,€8.00m
1443,Myrto Uzuni,€8.00m
1444,Jacob Bruun Larsen,€8.00m
1445,Demarai Gray,€8.00m
1446,Fran Navarro,€8.00m
1447,Robin Hack,€8.00m
1448,David Brooks,€8.00m
1449,Gabriel Barbosa,€8.00m
1450,Oussama Idrissi,€8.00m
1451,Wanderson,€8.00m
1452,Georgios Giakoumakis,€8.00m
1453,Vincent Janssen,€8.00m
1454,Andrija Zivkovic,€8.00m
1455,Sardar Azmoun,€8.00m
1456,Felipe Anderson,€8.00m
1457,Wissam Ben Yedder,€8.00m
1458,Danny Ings,€8.00m
1459,Roberto Firmino,€8.00m
1460,Michael Gregoritsch,€8.00m
1461,Duván Zapata,€8.00m
1462,Thomas Müller,€8.00m
1463,Jean-Mattéo Bahoya,€7.50m
1464,Marc Guiu,€7.50m
1465,Franculino,€7.50m
1466,Abdallah Sima,€7.50m
1467,Pablo Solari,€7.50m
1468,Zito Luvumbo,€7.50m
1469,Manfred Ugalde,€7.50m
1470,Ferran Jutglà,€7.50m
1471,Aleksandr Sobolev,€7.50m
1472,Meschack Elia,€7.50m
1473,Rubén Vargas,€7.50m
1474,Christian Kouamé,€7.50m
1475,Milot Rashica,€7.50m
1476,Cristian Arango,€7.50m
1477,Pedro,€7.00m
1478,Darío Osorio,€7.00m
1479,John Kennedy,€7.00m
1480,Viktor Djukanovic,€7.00m
1481,Luca Koleosho,€7.00m
1482,Thiago Borbas,€7.00m
1483,Matheus Nascimento,€7.00m
1484,Omari Hutchinson,€7.00m
1485,Gabriel Pereira,€7.00m
1486,Vitinho,€7.00m
1487,Brian Aguirre,€7.00m
1488,Marquinhos,€7.00m
1489,Kayky,€7.00m
1490,Matheus Martins,€7.00m
1491,Martín Satriano,€7.00m
1492,Gabriel Veron,€7.00m
1493,Matías Arezo,€7.00m
1494,Daan Rots,€7.00m
1495,Mika Biereth,€7.00m
1496,Osman Bukari,€7.00m
1497,Michael,€7.00m
1498,Liel Abada,€7.00m
1499,Ellis Simms,€7.00m
